ID,UserName
1255694458,crackstar10
5060516823,Onefo1
6834155006,Naqihhh
1126864102,justinborgg
5222728550,carjsbing
5266474282,blackneon3303
6044727019,g80xg82
7560682706,PanjeetKhan
1329167545,other_wise7
1027376876,UEGod
7743846913,lungani5883
6739917285,Zoodlesss
1276123972,Im2good_Uber
7695275351,MoveOutTheWay
1491984700,MissAllure4
5336940693,starboy11pm
851408310,SauceGawd
7355238344,MrsEllieB
1597857721,RlPPERR
6022608732,Reds_Emporium
6205963556,OSOS_OS11
6223642437,Aiden_Montreal
2064265818,Deos_real
1878800115,septembers09
1075069636,Iamsteve413
602592494,yooyoo133
397560657,advance
5686398452,meowmeowkittys
435465685,SparklingGlitcher
713132579,Y0L0SWAG420
6053658738,mlmlkam
6747861498,tinaturner2000
5052538829,one_search09
5900547225,jameskumar757
7708308581,YoursGillz
734825332,SalvoBaker
880212080,aBaBsTaLe
6803738698,Asswoop
6356768561,savagedudeman312
6938443216,simmonbirtch
1168064178,pnaylisto
1401034244,SwayzeBaby
901677131,AvgJoe6
6825362892,Redotonkton
5209617946,lyro_00
701750476,poptart7266
5384755712,issarahul
6068754104,Fuckyu0007
1682016327,NeedMoreH2O
1374315834,SandMan961
7303998245,Ghost1213244
5456306511,Linda_cosmetics
7437390110,Smetonasjr
6402658460,kulahal
6530598092,digidashhh
1071740072,MrOctopusss
5105074724,JPreezie
2145526805,bluedragon007
6162742311,Avalanche1489
7278745195,johnbrowningg
6646197958,riskyjatt47
941923068,Av1v11
8013306988,uv_3333
1224118500,MapleMaga
1032619503,Sidebucket111
5887555489,mike_sack
6484889165,lil_loose
1910044296,D1ggaD
7815255380,owl684
7457420478,Planetfadedsupport
1808821296,Longredlocks
877173566,redcontro
6991655285,BookingGuy
5213582059,turtle212121
987457728,Roy0427
5807931777,sowhat18
1137232661,Lisa_A_S
912912354,Online_Plugs
5304390782,aj169192
575363772,Noneofurgodambusiness
1000643587,SWOLEBODY
894791620,island_boie
6794483071,Rav0590
880071274,jordin_paul
1359292024,kingbasquiat
2030195106,pehlavreza
964177428,tookah
7443134606,dem0n064
1128006163,jkooooio
712069382,dreamyDREAMzzz
7667213426,skeebdi
1451914671,DaveS1986
7541043560,Jeksy_98
6973655590,Jay_02e
2020143311,fraudulent_frog
974657753,Demigod5
5275074756,Jokersback
1969542941,kneekohl
1045483805,eromangaxenothyl
6547576267,ShawnY004
7079576108,chonkywhiskers
5375509521,bunnybug10
6420782894,idoscope
710203827,deputy21
916149491,Adam1092
7164241067,queshm2
1390093042,askeal
5665098836,Laurier12t
6581468164,ADPO123
1010656143,crash533
362339329,CheshireMadness
1081318834,johnfundel
1076973418,TheProfessor1x
1021582473,mrgreenx
7055794038,MooeeMoney
364380468,pablo_elcapone
7169871827,dlowv7
570413102,assilen_t
5552275956,likethecarsay
6526160851,chanceischance
97619073,themrcracker
526415496,cha_gio
927149471,slapyamumz
725511676,navinprince
5942057960,Yaslam786
1886538834,vancoima
384083569,FatMoFoSho
1395193982,boy_j33
1860641316,honeypunj
643936447,Vatsarpan
5234075081,Emma_Prive
1420289671,bawd_ass
5393235776,GigiJonson96
5721259424,banditbros
1443627167,GodSpeedRFD
6827136106,JuniorSTRK
604480176,moisturexe
757717435,bigsausagepizza
7620192304,SY_094
6775130144,JJay1989
5847303385,vishamay
6922692005,dddcuegs
6207622853,lulu51444
874447151,Paidthinker
6509810134,baseballqueen
6499345269,chefnewton
5665536011,Justa_degen
5815724317,gogetter2234
910880911,mohzko12
1340738779,Collisionk
5628828391,SousAizen
6258122570,wa1kout
1650950843,hanif_official_07
5429636490,CashOver_Any
2089693940,TolikMiro
6844704682,G2b_archer
6193385368,axex007
6579422796,Aliciaxxv02um
6853986673,mrjakesully
594285994,a113796
1964610815,atel_04
6549009646,leianne04
1653722242,Alizasander
6400420741,lzzz29
761987452,AuntJennnnn
1266363472,arz1337a
1141893366,iamawaiz08
1744531522,alanzone1
6821208021,alzshop1
871762157,az21353
602129019,Kashulashu
1013838203,hi_armour
6014966377,For_everything_30
5178081203,AzaXsyndr0m
6897791970,Lilpeepeesquad
6785115644,AGinyourmom
6807874878,mrstunnalott
6175184382,armxian
6499976986,applesauce122
6002130096,allonthedot
1243534881,Nasty2427
1823228313,dominos_plug
6468263385,Kinderalot
1789965362,InlandStr
5350437489,dastokes
5221565872,anicloak
6314083440,Ape3pk
710199480,dodgehemi
1129562941,AbforEvrr
640651472,applephoenix
1760784666,AndyG6
5221472544,aIbertsons
348917954,NotAdamSandler
915884625,arielcove
2086884957,Pessimistbluh
1237345468,dontask1234
667688732,AndT280
782537020,tanzania_arsenal
821935334,adambai99
1071533080,Amazingpineapple
2009862100,Hasbullah416
946514020,hockey1200
970975072,Halo_187
5369793624,EatThepla
1167277954,pyrofreek
5256023152,BubsDepot
6442564354,drivernigga
6946966683,DracoBeenPaid
5663887220,heyyouaround
1948258483,Blemm110
5283025190,baddestriri
6811647781,MrRobot_B4U
6491397189,bemymotherlover
1680416612,benzoli50
259436049,bitcoinhunter
1714510341,brokeNbizzy
5898375183,Bluemoonrick
6249628034,breadwinner_44
6899923978,bernmadoff777
7006224545,bilechild
5603706032,Butcher_B4U
1364734759,captainnn
829549689,beinghuman070707
6737508654,Hulkski
6556774852,Equality_born
7409065581,BOHO1z05KASHMIR
1299211617,bali9216
979421861,baulsaq
6593978321,vedansh44
947374838,BluntM3
5518540102,Blueyce4
1375638830,bossopo
5320302415,blackhoodthelord
697073497,billionyoung
1681632360,Bigspang1
5686027051,Blephamide
1165200427,BaldDutch
6361312578,MrButterzz
1105735621,pexiq
1961034229,BordenBills
5997070333,batmanlovesfraud
671161520,wade112
6805534319,bossMan399
5399075682,blueumb
6097208393,Buddystravel
6648915259,dudepay
6002632962,bigbootywhitegirls
6204878428,Bondpr007
6617009339,backdoormonki
6141830271,BABYPHONEZ
563890772,PostponeBackbone
1445702839,yoyoq87
6964416269,mirzayaat
6799264445,Kickdoorxo
1275941194,BrownMambaa
2104253345,bruh6237
6714984585,monty_wright
5354168846,Broski55
6097800152,icespiced
6896597038,ScaredMoneyDontMakeIt1
1512258453,luckybuddha888
1653699192,Baneside
844832064,DrMcBuzz
858763769,icloudDepot
6328013360,IUHS5
5548077871,inf6900
349741804,bp5991
1949428814,berrywoodz
6348038441,BiggShoes
2031685610,bigbankeater
1155637739,moneymakiniraqi
991473804,bandcamp24
1902503802,marcoblain
5472215530,rylobordens
5555761892,KalmKash
5454940554,btcmula
6384175312,Brokeguy1
956366628,Xcnon
1790675421,wanbonie
2091407047,B324892
302708583,Beautyxox
1357179296,breadgetter858
6469259402,Bigsaver23
6418241500,chantelbow
793565474,deck313
5731305557,blaseplase
5260250301,Order_Born2Pizza
5332165001,shop416
1139944458,Nicosan30
6696741044,catsRus
1129639191,Bizowner21
6498676666,Bombameng
819423366,billybob124
1057789652,rentalplug
1039078914,blaxbrix
5530679760,Profslat2
982405529,BigMon69
1364833670,bbombmedsla
1817180427,BinDemon32
1392172952,BIG_Jaxon
6366012434,R_Brrr21
5525066058,db553d
1351111789,blastinn
1750116885,rowrowboat
1712143319,Beerus999
1424353653,vitaminandmineral
461227101,Jockoboz
1319128986,shlurrp
1781708168,bobthebuilder001
5922266255,Carter_Samson
7268919197,centercool
6201566495,frankcostellof
1292295767,CbfwKay
6854592092,CookedByM
1119562733,Cynt452
5356563919,cherrygelatolover
2110328903,greenlightszn
6127308819,chefcollin
7301732378,CroCro21
5301925072,cantreach100
675684602,theChadus
1380767409,Hodlllllll
6652879461,GoddessQueen444
948750981,cooliooo0
6710018880,Poguchan
6636659457,veritas_c
5750992727,cupspill
6117090052,gamer_1478
1534901783,cog777
776901416,CreamyRed
6186337366,Oats_Creamer
1720056671,crack_mind20s
6780894613,chronicallycool
1067377736,xskid99
1969910083,Lowkeyavocado8
6428141256,ganja381
959019009,Canadian_hunter
6532941632,C0b45
332787592,Captainlfc
1386247562,ChrisDior8838
1635614669,carboxyas
5209078919,clee2200
1121230096,calm_22K
5403711038,epikceo
1858789820,calijay29
6519260435,lLOVEBITCOIN
1010351968,CapAalots
5945656190,Caagalab
6290291077,YungsavKC
6596363156,sinofprid3
5689674875,cashrouteee
232930260,CFM1024
5828200408,codemontana
6098308112,crispyjean
1255519979,clarckm
6647639931,chefmcLovin
1889024813,Crozzilla
321439382,iamcryptofade
1447489027,cronus_shop
5627700090,Misscourt1
977385259,cherrysue12
390871921,coldwind57
896169974,goingbrazy5
6090034178,CurrentlyBankrupt
5498939163,capricorn_los
6127692566,SirTaz411
955922313,OG_Commerce
6111186598,dela_creme
970781060,low_key123
1454536309,cleankicks
2145101403,Crazy0667
1298839608,KongQiu1
707171121,canadianboy416
1847943869,rocken10
7149473055,deal_masterss
912666006,imperialists
959832513,drnochromo
1905008219,dollartrii
6014488469,HHYZ22
6169198276,Jonhnybonesjones
6515882597,hotbeanwater
1181246941,imnotpaisav2
6507250656,Duke_Dumb
1393124765,doublefist
806013891,huskyriotsky
6945897711,GucciHeadtoToeee
6940151786,dubaiwarlord
2028451495,skiddyflya
6327815293,douze12z
6599462105,Dhilon13
5846163544,Hooyoda
328789549,DaGodd
6683385229,HunnidShotz
563592271,davejamz
5767567920,dreadpiraterobertzzz
6240748935,deddyfanny
899553826,IamDee12
1900505078,Dhaliwallll
1070101779,ogdubz
5893130648,daniellau05
6467688848,dheueusidjdjfdd
1220141037,Demmyboi
6291656068,SamUPhil
582283981,Dzalive23
1404219063,liljohnny365
361552365,gassedup420
5249410039,Tradingsect
5040907594,Dexwipes
1366918324,Dextiny07
5362936066,SopranosPacks
1982799213,donbreadd
789017306,doggohappy0013
1528241538,ytboi11
1916420348,mannadhindsa
1432254551,dvkx03
5666202237,ghostchano
5221727283,RadioSilence4ME
5773218739,LJENDE
1062740299,djangoon
1263602067,damienbaxter
6557789525,money_dollar_money
6289459078,mommadwells
1323913454,ItzDuckz
1545019710,finessskuur
5089760722,timduncan00
1792113523,Dkjihu
1183218835,diddlydolly
1862899655,dvngx
1418434658,ggnaved
556164821,DoughBoy0
1792701798,DAS_Good1
1257835484,raman618
921776715,DreadOvh
946343744,vdmar
1028957612,deepdhera
5888834862,StayDownElmo
5264948656,Ecoba06
5286322590,eklavyam
2060186377,eric7102
6398854514,gorilliano
6510490339,ExilitySR
6766760335,wall5e
1286675119,Usim27
5548034843,stepmafia
5705479895,emsteppin
5453765856,eNeRgiZexX
6983899939,K3nz0_vaz0
5023652949,edumkilam
5713269562,EReimer99
750117266,elcptn
933335948,queenempress345
1213280371,elyo_ott
560070336,vincecarter789
1636119385,Uncle_Elroy_Jones
432501433,Proelite88
6874771729,Fullysent
6476994768,F0urever
1300985373,Frostiiy
879026042,fernpowr
987655493,fatbill5000
6989673449,Freaktion0
6293400853,forensicyamaka
619200806,raj_food_rides_service
6629481112,jamesfarnworth46
6964582824,juggatilldead
1427481376,Mclovin877
865542639,mscloud9
6089186297,flossDaiIy
6913386537,Foodtankservices
1802313639,tha_ghost_face_killah
5707402027,newgrid7
1219543876,skyisablaze
1222057961,foeone
5057705620,Plymouth1978
807047660,limpoooooo
2121720518,Finesse204
2043800989,imgoinginstant
1887369545,fallan
1971784043,fxwest1
5467800729,misterfloos
809765800,farisog
523223594,masteroiddd
1039296444,MaxFindDeal
309245208,GYEZZZZZ
7091276076,modown51
1707629580,godaz2
6751135826,ondalow30
7155926703,ghxstv1
701581501,PimpinImp
6276784546,taran_gg
5126894111,GT_0_0
890373382,GreenTeaKim
886095741,gamesharkp
5787116006,oggreezy
5257343940,grtt808
5062552716,Gettmoneyyy
1237263192,jassgujjar
6843611072,gggg_5678
5864197235,riotgl
1666075330,ghos1t1
5562589367,wspgwayy
6171542948,getback416
2118263879,Quieresmicho
1361972359,ghostpeanut69
5434355011,John_grant42
5715811542,gaganpb17
1937010520,wizeguy7
1033609446,Yungslimestar
755405237,jeffnima
1515123735,whosthatGhost
1411371791,That1Guy24
1983144103,Gdoc11
5744210379,kengriffeysr
1413488184,Getdabagdontfumble
1463477502,solesavy
1777521741,ginger270
6259232106,Halalway1
5678799888,Harmmx
5243239529,urwifeisinmydm
6066820800,Himmython
1706140641,HunnidBanPlan
714821195,mrcoolersc
6884457267,RhinoSFV
1898193004,sirski13
827478225,Harper1001
1230510374,jokurr
5065935199,islandSk
5940497329,Hamzashaikh91
545778409,Handsomekingnumber1
1866113018,Jetsone
1970982591,PCXGOD
5724837372,Hasbvlla
1540643113,OPG1010
1016511271,suphero87
5039871593,H_S_Rocks
989336104,hoodiedup1
347950078,smacker12
5468264283,HK99PK
6150483801,Hitekpolo
527931802,jackiejam
5433689440,Hardicetea
2074143137,Sysbyg
1095446290,mikeman16
867041158,whodatitsme
6914002191,unfuckwithable01
7394516669,yizoyizo12
749199811,izcoded
6686073679,idesignred
1730918823,Ironman6ix
6937965186,YzOriginal
6902686732,panjab19
6587578050,kilotayyinka
6058968188,tooturnt123
1775557600,itlotbtoimik89
5377196188,yakananyo
6386848642,yahmomsafelon
5757805170,Yumu32
1015298147,zf3loc
498453239,P3571
5574636521,itzjewelz212
1469205384,ismetpeja01
1652457787,idk_nything
2036975646,injalajmera
772233265,pleasureis
485066154,zphenomenon
518404733,iamshadowx
1216156396,youravgdude
5010955602,Jussayin
5954339271,Irish_20
1759850599,xxlvy
791138475,illmunchurdad
1556778865,uoeno03
727103176,YingYang1012
1001038850,ict0an
6173983248,JLLB1997
2031527657,JARJARJARbackup
6916918193,jayesteban
7102194017,Willy3185
5223282691,JJJJJ12345JJJJJ
1966169062,Karan_JM
7179918130,spinbckk
7222502785,JasonMia
1803763435,Jugginaire
1132589893,jakBlunto
5560149263,Simpsonmoto
6565115561,putalover
1609131574,Joselana
7061860020,Onlyonely_Joy
826509248,Jackson4200
1359672050,Kevin9212
1058696905,jaynoface
565258726,professor_992
7111932396,JayboyIsWinning
6416080107,justjoekings
6126135135,Splashey_1
1518596623,jstash00
6669704850,shawnjames03
6638363784,Juico12
1620558816,Lalkjdkja
5933943762,JassaGotGame
6498622999,kj2020
1232205114,Ownzby
6165970029,JJ2611
62135991,jjjjeeezzz
1488481068,lax4lyf
6333366495,jiobg76
6492601571,jattwaad44
5936197714,Johnnyoxys
5822329806,Mia21221
6344782760,millerjay3
1606386159,snowingss
5835592471,Mr24hourz
866168215,jcants
1274443210,Jugg2014
1362594647,Jasmine_leaf
1327146576,johnnzzzz
1616372764,Uncle_Willie
5346771150,jostays
849027710,jakenathanfoes
942932652,Johnny1569
1653086944,jeremy4722
715576056,KingMFBandz
973897403,Loolale07
1088835356,Kryptokahn
5008405434,KingKobraBlack
1194153769,MrKryptonite007
6729965263,peaceout_xd
5755975596,Kx3x2x1
5167546516,KHUSHHALJIJi
1573363544,kvntran
967279042,kizokiza
5003355377,middvv
5589916253,xokittyyyyy01
5155072912,klmacdonald
709335806,KidaLive
5333116453,robertstranger
1039906986,trulykash
6281528879,pun3king
5366699308,Kingsbladez
6820823344,Viplove008
5366723664,slammed22
1784039507,mmheat
1859933862,kikoshhhh
634052128,King_Mula34
1692883710,unriddled
582330606,xilfneps
5090886056,Krish_546
898655864,kirito09
5733128900,Red6999999
885089286,WetKitten
292093933,karanatl
5988440187,kastmansan
495622336,karlitto88
653908905,xtrakill101
1818963005,linaxc
5655101872,Kartos_x
1587462329,User_name_2023
6644278780,SugarFreeMaple
1435490332,Lwktiings
2055557035,Luvsandhu033
6054894751,LeaderT9
7352358085,majiklife87
7491875546,majiklife
777100088,pocoloco27
829349268,Leooooo98
5493329845,nicelife19
6103371474,lazyfee
926336558,lowkeyxaddy
6139577166,MegaLucario
5004182397,lion121202
6559999642,Mrliftaburden
5678163223,Louisvarna
6432680562,lucifer009988
1802854413,Ltothe7
6275861828,limelight6
465910514,MissLady76
444011594,Lolatpablo
840730899,NinjaLoot3r
1420458985,Letsgetit2777
547622679,MortyBoi
7241415961,mikevickwitdadog
1281152364,mikehawk707
891317085,Mexicano5
1703726216,mysticmac109
1721267801,MrBatth
5194742924,MODIBAG
6522631694,manuelotp
5874601094,mr_president101
2101162469,mallet_s
6272908044,moneylauderer
622035723,mrxbox1180
1192972186,sillymusic4
1529109275,Sadistic_Mfer
1284287362,tele_me90
671004635,morelike10days
6506943998,Marvilles
2049996379,mohsenfyt
1422929104,metrospider97
5681279832,noremosefoe
6045834463,MsSwoop
430048703,Michelle0603
5870062489,nomotionaz
5976376805,SHANEE67
561401396,meshandu
6320166921,taskmastercanada
1202528019,Mahadev04200
730510191,Makramma
1051922828,master999116
1782900446,Member12134
5795195590,romeoo514
2045894235,zZMakko
1230941574,Munger026
1075877441,MV09041998
1070083618,mmhww
6032066673,MARITOBAN
1739872455,MNYMTVTD
6040948351,monmonpxl
1026413525,Moneymatt3
828524072,TheMasterJesus
1305122096,monchis77
5595144779,RMillz123
1328189281,magicity
542600174,TorGeb
781620036,ninoh9
1494061930,nodayzoff26
6215596535,NullCharacter1
1125785916,not_sure_why
1484874447,redmeansgo
1044173737,NitinX
5464446280,Navjot30
5548526051,Nazareeen99
1070174217,saymai_name
1254638657,Neonstarz
5486818236,top4759
5447369279,SgT_NOoB
5831986119,NEEDMOBANDZ
221567628,NerfThis14
826303466,NAMELESS01
685464106,nimbleduck
834234608,omerta43
6135286322,oescapade
824515344,opendiver
6554712624,poloboi797
1055948138,oldmix9
648677215,o132435
6406183500,streetprofit67
6874521910,plymouth71
5947447388,ShashankPanzade
674724232,protos127
905351196,singhpat
1019333526,Protatoez
6669584826,peezy579
972356083,PekasFX23
5305646634,pablokinng2887
2044910887,urmomsboyfriendlol
5113048504,premeiumcook
6337225035,Smol1018
961704291,Screamingeagle123
1156482870,presto365
5066727449,pebel85
1022401213,phokingway
1173884568,slimshady717
5088875725,Rj513200
973750848,ranges_tryo
815885317,RALIY5
5630980427,RichestYute
2064938118,rackzslat
373292519,RenataBull
893064122,RobertTheGamer
5941380824,RaymondR63
1763693626,stardhh
150508842,raufiki
5992760700,rogers3728
490024130,Ragztorich
749343017,rain43216
1711566228,raition
919269891,raxxbtc
6112102585,Redduke71
837122939,Rastamanxxx
6516464493,slemfit67
1153483228,Stanmitchell
5338404870,spookysplash
802103065,shotem
1100827867,swagTMT
1922582202,staxonstaxxc
6412153811,Stevefood
7113221735,sadaku123
1642334573,Sapovnella
574451565,SOUTHSIDEJ87
992925024,sk0269
725476643,Sneezydwarfz
1735489636,SalehM4
6019325280,supermanlovesf
2127986516,suiwkwkl3883
6477069339,senorwavy
911912202,steve1576
5365628012,staxxxs7
5289631528,Slurpzz1904
5474671990,Upstart8
1801827885,Sarahsdigs
5792544603,sparkreborn
1845568823,sullyslattt
2026653082,SatSidhu
2014029142,sickoooooo
1704052277,sbsahilsb
5721584375,slickdealz
655110801,Sup350
5108537818,shammikatron
1005539721,Scrfc
2126882344,snur4
311513407,shidareAI
2142225509,sherryshar
717202269,SkylineGTRB26
845425935,Sul_ss
5526447680,snowlights
1796274496,seobuhi
1265626400,stancules
741904900,Southside_tt
5153782133,Teebeenup
7335501528,TravelTreats
6114116447,trayx23
1378335531,trgimf
6539073631,thatwvy
806531970,Viettester
1678000160,weezytelhasteze
5377184896,tigerw238
5552627485,Tuttiloads
1963272266,TasTas24
5947407326,tvashisht79
5999204448,TheShredder2410
1218133893,thankyoutrump
895698336,Trickyone
1661556968,TourJRK
6075393155,Uber_walla
879858123,unclethurnis
831045047,Vivek3617
6261102767,varixble
819111434,vernypatel
622890574,vantablack9
6666385861,WeWantWrait
1706842540,wak1214
412509888,zufirr
1305832231,zqquz
